<?xml version="1.0" encoding="utf-8" ?>
<!-- 
*******CONFIGURATION SCRIPT TO OVERLAY************
-----Remember that paths are relative to exe!--------------
Remember that names have to be COHERENT in different XML file!
-->

<!-- Entities definition -->
<Entities>
	<!-- Mouse Cursor -->
	<Sprite Id = "MouseCursor" x = "0" y ="0" z = "1"  w = "4" h = "4" Rotation = "0" Transp = "200" FlipX = "0" FlipY = "0" Wrap = "0" WrapX = "0" WrapY = "0" Layer="63">
			<Image Id = "MouseCursor"/>	
	</Sprite>

	<Sprite Id = "StartMSG" x = "0" y ="0" z = "1"  w = "40" h = "40" Rotation = "0" Transp = "255" FlipX = "0" FlipY = "0" Wrap = "0" WrapX = "0" WrapY = "0" Layer="63">
			<Image Id = "StartMSG"/>	
	</Sprite>
	<!-- Display Text -->
	<Sprite Id = "DebugText" x = "-40" y ="20" z = "1"  w = "4" h = "1" Rotation = "0" Transp = "255" FlipX = "0" FlipY = "0" Wrap = "0" WrapX = "0" WrapY = "0" Layer="63">
			<Font Id = "GenSmall" LineSpacing ="14" CharSpacing = "0" Align = "Left"/>	
	</Sprite>

	<Sprite Id = "MessagesText" x = "0" y ="10" z = "0"  w = "3" h = "2" Rotation = "0" Transp = "255" FlipX = "0" FlipY = "0" Wrap = "0" WrapX = "0" WrapY = "0" Layer="63">
			<Font Id = "ArcadeFont" LineSpacing ="40" CharSpacing = "0" Align = "Center"/>	
	</Sprite>

	<Sprite Id = "StatisticsText" x = "0" y ="30" z = "0"  w = "4" h = "1" Rotation = "0" Transp = "255" FlipX = "0" FlipY = "0" Wrap = "0" WrapX = "0" WrapY = "0" Layer="63">
			<Font Id = "MainFont" LineSpacing ="30" CharSpacing = "0" Align = "Center"/>	
	</Sprite>
</Entities>