<?xml version="1.0" encoding="utf-8" ?>
<font num_characters="69">
	<char id="97" x="0" y="0" width="20" height="29" />
	<char id="98" x="21" y="0" width="20" height="29" />
	<char id="99" x="42" y="0" width="20" height="29" />
	<char id="100" x="63" y="0" width="20" height="29" />
	<char id="101" x="84" y="0" width="20" height="29" />
	<char id="102" x="105" y="0" width="15" height="29" />
	<char id="103" x="121" y="0" width="20" height="29" />
	<char id="104" x="142" y="0" width="20" height="29" />
	<char id="105" x="163" y="0" width="7" height="29" />
	<char id="106" x="171" y="0" width="12" height="29" />
	<char id="107" x="184" y="0" width="17" height="29" />
	<char id="108" x="202" y="0" width="7" height="29" />
	<char id="109" x="210" y="0" width="20" height="29" />
	<char id="110" x="231" y="0" width="17" height="29" />
	<char id="111" x="0" y="30" width="20" height="29" />
	<char id="112" x="21" y="30" width="20" height="29" />
	<char id="113" x="42" y="30" width="20" height="29" />
	<char id="114" x="63" y="30" width="15" height="29" />
	<char id="115" x="79" y="30" width="20" height="29" />
	<char id="116" x="100" y="30" width="15" height="29" />
	<char id="117" x="116" y="30" width="20" height="29" />
	<char id="118" x="137" y="30" width="20" height="29" />
	<char id="119" x="158" y="30" width="20" height="29" />
	<char id="120" x="179" y="30" width="20" height="29" />
	<char id="121" x="200" y="30" width="20" height="29" />
	<char id="122" x="221" y="30" width="20" height="29" />
	<char id="32" x="242" y="30" width="11" height="29" />
	<char id="65" x="0" y="60" width="20" height="29" />
	<char id="66" x="21" y="60" width="20" height="29" />
	<char id="67" x="42" y="60" width="20" height="29" />
	<char id="68" x="63" y="60" width="20" height="29" />
	<char id="69" x="84" y="60" width="20" height="29" />
	<char id="70" x="105" y="60" width="20" height="29" />
	<char id="71" x="126" y="60" width="20" height="29" />
	<char id="72" x="147" y="60" width="20" height="29" />
	<char id="73" x="168" y="60" width="17" height="29" />
	<char id="74" x="186" y="60" width="20" height="29" />
	<char id="75" x="207" y="60" width="20" height="29" />
	<char id="76" x="228" y="60" width="20" height="29" />
	<char id="77" x="0" y="90" width="20" height="29" />
	<char id="78" x="21" y="90" width="20" height="29" />
	<char id="79" x="42" y="90" width="20" height="29" />
	<char id="80" x="63" y="90" width="20" height="29" />
	<char id="81" x="84" y="90" width="20" height="29" />
	<char id="82" x="105" y="90" width="20" height="29" />
	<char id="83" x="126" y="90" width="20" height="29" />
	<char id="84" x="147" y="90" width="17" height="29" />
	<char id="85" x="165" y="90" width="20" height="29" />
	<char id="86" x="186" y="90" width="20" height="29" />
	<char id="87" x="207" y="90" width="20" height="29" />
	<char id="88" x="228" y="90" width="20" height="29" />
	<char id="89" x="0" y="120" width="17" height="29" />
	<char id="90" x="18" y="120" width="20" height="29" />
	<char id="63" x="39" y="120" width="17" height="29" />
	<char id="33" x="57" y="120" width="20" height="29" />
	<char id="45" x="78" y="120" width="15" height="29" />
	<char id="49" x="94" y="120" width="17" height="29" />
	<char id="50" x="112" y="120" width="20" height="29" />
	<char id="51" x="133" y="120" width="20" height="29" />
	<char id="52" x="154" y="120" width="20" height="29" />
	<char id="53" x="175" y="120" width="20" height="29" />
	<char id="54" x="196" y="120" width="20" height="29" />
	<char id="55" x="217" y="120" width="20" height="29" />
	<char id="56" x="0" y="150" width="20" height="29" />
	<char id="57" x="21" y="150" width="20" height="29" />
	<char id="48" x="42" y="150" width="17" height="29" />
	<char id="44" x="60" y="150" width="10" height="29" />
	<char id="46" x="71" y="150" width="7" height="29" />
	<char id="58" x="79" y="150" width="7" height="29" />
</font>
