<?xml version="1.0" encoding="utf-8" ?>
<font num_characters="69">
	<char id="97" x="0" y="0" width="28" height="40" />
	<char id="98" x="29" y="0" width="28" height="40" />
	<char id="99" x="58" y="0" width="28" height="40" />
	<char id="100" x="87" y="0" width="28" height="40" />
	<char id="101" x="116" y="0" width="28" height="40" />
	<char id="102" x="145" y="0" width="21" height="40" />
	<char id="103" x="167" y="0" width="28" height="40" />
	<char id="104" x="196" y="0" width="28" height="40" />
	<char id="105" x="225" y="0" width="11" height="40" />
	<char id="106" x="237" y="0" width="18" height="40" />
	<char id="107" x="256" y="0" width="25" height="40" />
	<char id="108" x="282" y="0" width="11" height="40" />
	<char id="109" x="294" y="0" width="28" height="40" />
	<char id="110" x="323" y="0" width="25" height="40" />
	<char id="111" x="349" y="0" width="28" height="40" />
	<char id="112" x="378" y="0" width="28" height="40" />
	<char id="113" x="407" y="0" width="28" height="40" />
	<char id="114" x="436" y="0" width="21" height="40" />
	<char id="115" x="458" y="0" width="28" height="40" />
	<char id="116" x="487" y="0" width="21" height="40" />
	<char id="117" x="0" y="41" width="28" height="40" />
	<char id="118" x="29" y="41" width="28" height="40" />
	<char id="119" x="58" y="41" width="28" height="40" />
	<char id="120" x="87" y="41" width="28" height="40" />
	<char id="121" x="116" y="41" width="28" height="40" />
	<char id="122" x="145" y="41" width="28" height="40" />
	<char id="32" x="174" y="41" width="13" height="40" />
	<char id="65" x="188" y="41" width="28" height="40" />
	<char id="66" x="217" y="41" width="28" height="40" />
	<char id="67" x="246" y="41" width="28" height="40" />
	<char id="68" x="275" y="41" width="28" height="40" />
	<char id="69" x="304" y="41" width="28" height="40" />
	<char id="70" x="333" y="41" width="28" height="40" />
	<char id="71" x="362" y="41" width="28" height="40" />
	<char id="72" x="391" y="41" width="28" height="40" />
	<char id="73" x="420" y="41" width="25" height="40" />
	<char id="74" x="446" y="41" width="28" height="40" />
	<char id="75" x="475" y="41" width="28" height="40" />
	<char id="76" x="0" y="82" width="28" height="40" />
	<char id="77" x="29" y="82" width="28" height="40" />
	<char id="78" x="58" y="82" width="28" height="40" />
	<char id="79" x="87" y="82" width="28" height="40" />
	<char id="80" x="116" y="82" width="28" height="40" />
	<char id="81" x="145" y="82" width="28" height="40" />
	<char id="82" x="174" y="82" width="28" height="40" />
	<char id="83" x="203" y="82" width="28" height="40" />
	<char id="84" x="232" y="82" width="25" height="40" />
	<char id="85" x="258" y="82" width="28" height="40" />
	<char id="86" x="287" y="82" width="28" height="40" />
	<char id="87" x="316" y="82" width="28" height="40" />
	<char id="88" x="345" y="82" width="28" height="40" />
	<char id="89" x="374" y="82" width="25" height="40" />
	<char id="90" x="400" y="82" width="28" height="40" />
	<char id="63" x="429" y="82" width="25" height="40" />
	<char id="33" x="455" y="82" width="28" height="40" />
	<char id="45" x="484" y="82" width="21" height="40" />
	<char id="49" x="0" y="123" width="25" height="40" />
	<char id="50" x="26" y="123" width="28" height="40" />
	<char id="51" x="55" y="123" width="28" height="40" />
	<char id="52" x="84" y="123" width="28" height="40" />
	<char id="53" x="113" y="123" width="28" height="40" />
	<char id="54" x="142" y="123" width="28" height="40" />
	<char id="55" x="171" y="123" width="28" height="40" />
	<char id="56" x="200" y="123" width="28" height="40" />
	<char id="57" x="229" y="123" width="28" height="40" />
	<char id="48" x="258" y="123" width="25" height="40" />
	<char id="44" x="284" y="123" width="15" height="40" />
	<char id="46" x="300" y="123" width="10" height="40" />
	<char id="58" x="311" y="123" width="10" height="40" />
</font>
